ticker,year,fx_volatility,country
ARS,2004,0.05518683395439363,Argentina
ARS,2005,0.05558430427652448,Argentina
ARS,2006,0.03053819521182231,Argentina
ARS,2007,0.030949624843043585,Argentina
ARS,2008,0.1178933712241314,Argentina
ARS,2009,0.12555465321760007,Argentina
ARS,2010,0.0563348246392782,Argentina
ARS,2011,0.09877049935089699,Argentina
ARS,2012,0.17883605313766227,Argentina
ARS,2013,0.4127835874257116,Argentina
ARS,2014,0.45682189668146495,Argentina
ARS,2015,0.7862954752896324,Argentina
ARS,2016,0.6687554144878051,Argentina
ARS,2017,0.894200830725272,Argentina
ARS,2018,7.451205405433324,Argentina
ARS,2019,8.412871020515034,Argentina
AUD,2004,0,Australia
AUD,2004,0,Christmas Island
AUD,2004,0,Cocos (Keeling) Islands (The)
AUD,2004,0,Heard Island And Mcdonald Islands
AUD,2004,0,Kiribati
AUD,2004,0,Nauru
AUD,2004,0,Norfolk Island
AUD,2004,0,Tuvalu
AUD,2005,0,Australia
AUD,2005,0,Christmas Island
AUD,2005,0,Cocos (Keeling) Islands (The)
AUD,2005,0,Heard Island And Mcdonald Islands
AUD,2005,0,Kiribati
AUD,2005,0,Nauru
AUD,2005,0,Norfolk Island
AUD,2005,0,Tuvalu
AUD,2006,0.07097438748222593,Australia
AUD,2006,0.07097438748222593,Christmas Island
AUD,2006,0.07097438748222593,Cocos (Keeling) Islands (The)
AUD,2006,0.07097438748222593,Heard Island And Mcdonald Islands
AUD,2006,0.07097438748222593,Kiribati
AUD,2006,0.07097438748222593,Nauru
AUD,2006,0.07097438748222593,Norfolk Island
AUD,2006,0.07097438748222593,Tuvalu
AUD,2007,0.05804944150466765,Australia
AUD,2007,0.05804944150466765,Christmas Island
AUD,2007,0.05804944150466765,Cocos (Keeling) Islands (The)
AUD,2007,0.05804944150466765,Heard Island And Mcdonald Islands
AUD,2007,0.05804944150466765,Kiribati
AUD,2007,0.05804944150466765,Nauru
AUD,2007,0.05804944150466765,Norfolk Island
AUD,2007,0.05804944150466765,Tuvalu
AUD,2008,0.18032813700339634,Australia
AUD,2008,0.18032813700339634,Christmas Island
AUD,2008,0.18032813700339634,Cocos (Keeling) Islands (The)
AUD,2008,0.18032813700339634,Heard Island And Mcdonald Islands
AUD,2008,0.18032813700339634,Kiribati
AUD,2008,0.18032813700339634,Nauru
AUD,2008,0.18032813700339634,Norfolk Island
AUD,2008,0.18032813700339634,Tuvalu
AUD,2009,0.15774210805987227,Australia
AUD,2009,0.15774210805987227,Christmas Island
AUD,2009,0.15774210805987227,Cocos (Keeling) Islands (The)
AUD,2009,0.15774210805987227,Heard Island And Mcdonald Islands
AUD,2009,0.15774210805987227,Kiribati
AUD,2009,0.15774210805987227,Nauru
AUD,2009,0.15774210805987227,Norfolk Island
AUD,2009,0.15774210805987227,Tuvalu
AUD,2010,0.05668837150059376,Australia
AUD,2010,0.05668837150059376,Christmas Island
AUD,2010,0.05668837150059376,Cocos (Keeling) Islands (The)
AUD,2010,0.05668837150059376,Heard Island And Mcdonald Islands
AUD,2010,0.05668837150059376,Kiribati
AUD,2010,0.05668837150059376,Nauru
AUD,2010,0.05668837150059376,Norfolk Island
AUD,2010,0.05668837150059376,Tuvalu
AUD,2011,0.03109463750424889,Australia
AUD,2011,0.03109463750424889,Christmas Island
AUD,2011,0.03109463750424889,Cocos (Keeling) Islands (The)
AUD,2011,0.03109463750424889,Heard Island And Mcdonald Islands
AUD,2011,0.03109463750424889,Kiribati
AUD,2011,0.03109463750424889,Nauru
AUD,2011,0.03109463750424889,Norfolk Island
AUD,2011,0.03109463750424889,Tuvalu
AUD,2012,0.02173031091211455,Australia
AUD,2012,0.02173031091211455,Christmas Island
AUD,2012,0.02173031091211455,Cocos (Keeling) Islands (The)
AUD,2012,0.02173031091211455,Heard Island And Mcdonald Islands
AUD,2012,0.02173031091211455,Kiribati
AUD,2012,0.02173031091211455,Nauru
AUD,2012,0.02173031091211455,Norfolk Island
AUD,2012,0.02173031091211455,Tuvalu
AUD,2013,0.05939249030192843,Australia
AUD,2013,0.05939249030192843,Christmas Island
AUD,2013,0.05939249030192843,Cocos (Keeling) Islands (The)
AUD,2013,0.05939249030192843,Heard Island And Mcdonald Islands
AUD,2013,0.05939249030192843,Kiribati
AUD,2013,0.05939249030192843,Nauru
AUD,2013,0.05939249030192843,Norfolk Island
AUD,2013,0.05939249030192843,Tuvalu
AUD,2014,0.044171321688425046,Australia
AUD,2014,0.044171321688425046,Christmas Island
AUD,2014,0.044171321688425046,Cocos (Keeling) Islands (The)
AUD,2014,0.044171321688425046,Heard Island And Mcdonald Islands
AUD,2014,0.044171321688425046,Kiribati
AUD,2014,0.044171321688425046,Nauru
AUD,2014,0.044171321688425046,Norfolk Island
AUD,2014,0.044171321688425046,Tuvalu
AUD,2015,0.059294394153579844,Australia
AUD,2015,0.059294394153579844,Christmas Island
AUD,2015,0.059294394153579844,Cocos (Keeling) Islands (The)
AUD,2015,0.059294394153579844,Heard Island And Mcdonald Islands
AUD,2015,0.059294394153579844,Kiribati
AUD,2015,0.059294394153579844,Nauru
AUD,2015,0.059294394153579844,Norfolk Island
AUD,2015,0.059294394153579844,Tuvalu
AUD,2016,0.03936763215821811,Australia
AUD,2016,0.03936763215821811,Christmas Island
AUD,2016,0.03936763215821811,Cocos (Keeling) Islands (The)
AUD,2016,0.03936763215821811,Heard Island And Mcdonald Islands
AUD,2016,0.03936763215821811,Kiribati
AUD,2016,0.03936763215821811,Nauru
AUD,2016,0.03936763215821811,Norfolk Island
AUD,2016,0.03936763215821811,Tuvalu
AUD,2017,0.031232672580165977,Australia
AUD,2017,0.031232672580165977,Christmas Island
AUD,2017,0.031232672580165977,Cocos (Keeling) Islands (The)
AUD,2017,0.031232672580165977,Heard Island And Mcdonald Islands
AUD,2017,0.031232672580165977,Kiribati
AUD,2017,0.031232672580165977,Nauru
AUD,2017,0.031232672580165977,Norfolk Island
AUD,2017,0.031232672580165977,Tuvalu
AUD,2018,0.04986097029257991,Australia
AUD,2018,0.04986097029257991,Christmas Island
AUD,2018,0.04986097029257991,Cocos (Keeling) Islands (The)
AUD,2018,0.04986097029257991,Heard Island And Mcdonald Islands
AUD,2018,0.04986097029257991,Kiribati
AUD,2018,0.04986097029257991,Nauru
AUD,2018,0.04986097029257991,Norfolk Island
AUD,2018,0.04986097029257991,Tuvalu
AUD,2019,0.029887507518075267,Australia
AUD,2019,0.029887507518075267,Christmas Island
AUD,2019,0.029887507518075267,Cocos (Keeling) Islands (The)
AUD,2019,0.029887507518075267,Heard Island And Mcdonald Islands
AUD,2019,0.029887507518075267,Kiribati
AUD,2019,0.029887507518075267,Nauru
AUD,2019,0.029887507518075267,Norfolk Island
AUD,2019,0.029887507518075267,Tuvalu
BGN,2004,0.049549683865401345,Bulgaria
BGN,2005,0.0697445099250591,Bulgaria
BGN,2006,0.051024620650558614,Bulgaria
BGN,2007,0.0529717344788595,Bulgaria
BGN,2008,0.09879750727065095,Bulgaria
BGN,2009,0.07404445956344365,Bulgaria
BGN,2010,0.06789313376286771,Bulgaria
BGN,2011,0.04726925460694225,Bulgaria
BGN,2012,0.03922022574549083,Bulgaria
BGN,2013,0.02908779664473989,Bulgaria
BGN,2014,0.06030464395241975,Bulgaria
BGN,2015,0.046268159013100336,Bulgaria
BGN,2016,0.05252298243959622,Bulgaria
BGN,2017,0.07956663489289582,Bulgaria
BGN,2018,0.05084886867014736,Bulgaria
BGN,2019,0.0212151631433578,Bulgaria
BRL,2004,0.08353447819936438,Brazil
BRL,2005,0,Brazil
BRL,2006,0.33564578623903174,Brazil
BRL,2007,0.12456336112543648,Brazil
BRL,2008,0.2615345789292409,Brazil
BRL,2009,0.22532414077600657,Brazil
BRL,2010,0.056011478135079694,Brazil
BRL,2011,0.09327203144335042,Brazil
BRL,2012,0.12371583962358873,Brazil
BRL,2013,0.14101661318101674,Brazil
BRL,2014,0.1348887939455887,Brazil
BRL,2015,0.43080704836163786,Brazil
BRL,2016,0.28055303197080333,Brazil
BRL,2017,0.0708469224483599,Brazil
BRL,2018,0.2919964771416429,Brazil
BRL,2019,0.16088690945374445,Brazil
CAD,2004,0.0548054720253893,Canada
CAD,2005,0.030442465072414552,Canada
CAD,2006,0.018847383620011277,Canada
CAD,2007,0.07353023278553816,Canada
CAD,2008,0.0888952871563908,Canada
CAD,2009,0.07786293940472505,Canada
CAD,2010,0.01894368497324263,Canada
CAD,2011,0.025637100593619042,Canada
CAD,2012,0.014956198579239466,Canada
CAD,2013,0.020181641631272153,Canada
CAD,2014,0.023278777926929367,Canada
CAD,2015,0.05190530127786229,Canada
CAD,2016,0.04102161141847917,Canada
CAD,2017,0.04111036096134937,Canada
CAD,2018,0.0279080525641819,Canada
CAD,2019,0.012123212667753768,Canada
CHF,2004,0.04457907917431082,Liechtenstein
CHF,2004,0.04457907917431082,Switzerland
CHF,2005,0.05076155424609027,Liechtenstein
CHF,2005,0.05076155424609027,Switzerland
CHF,2006,0.0330147458858738,Liechtenstein
CHF,2006,0.0330147458858738,Switzerland
CHF,2007,0.03735572641609678,Liechtenstein
CHF,2007,0.03735572641609678,Switzerland
CHF,2008,0.05903059713582032,Liechtenstein
CHF,2008,0.05903059713582032,Switzerland
CHF,2009,0.05294541681584643,Liechtenstein
CHF,2009,0.05294541681584643,Switzerland
CHF,2010,0.05414045596434984,Liechtenstein
CHF,2010,0.05414045596434984,Switzerland
CHF,2011,0.05371516108466906,Liechtenstein
CHF,2011,0.05371516108466906,Switzerland
CHF,2012,0.022764014170448335,Liechtenstein
CHF,2012,0.022764014170448335,Switzerland
CHF,2013,0.019419285217721755,Liechtenstein
CHF,2013,0.019419285217721755,Switzerland
CHF,2014,0.03230595796936383,Liechtenstein
CHF,2014,0.03230595796936383,Switzerland
CHF,2015,0.03208808714840293,Liechtenstein
CHF,2015,0.03208808714840293,Switzerland
CHF,2016,0.018318985554708272,Liechtenstein
CHF,2016,0.018318985554708272,Switzerland
CHF,2017,0.018288624098999666,Liechtenstein
CHF,2017,0.018288624098999666,Switzerland
CHF,2018,0.021850714348619026,Liechtenstein
CHF,2018,0.021850714348619026,Switzerland
CHF,2019,0.010895063018676515,Liechtenstein
CHF,2019,0.010895063018676515,Switzerland
CLP,2004,25.51700855676171,Chile
CLP,2005,24.91207138805161,Chile
CLP,2006,11.809705501317268,Chile
CLP,2007,12.575378675032034,Chile
CLP,2008,72.74323716121565,Chile
CLP,2009,36.06784536594879,Chile
CLP,2010,19.479355807383833,Chile
CLP,2011,19.87948684997303,Chile
CLP,2012,11.507571935010791,Chile
CLP,2013,19.890120912622283,Chile
CLP,2014,41.60111496882366,Chile
CLP,2015,36.6864851232441,Chile
CLP,2016,46.897077063569796,Chile
CLP,2017,16.249991393505365,Chile
CLP,2018,33.69530652804272,Chile
CLP,2019,39.67069657206662,Chile
CNY,2004,0.002153160036605715,China
CNY,2005,0.09323832995211914,China
CNY,2006,0.0755137540307529,China
CNY,2007,0.1297389868350329,China
CNY,2008,0.14138882652150503,China
CNY,2009,0.0053821676723716134,China
CNY,2010,0.07090308977125,China
CNY,2011,0.09309365773980045,China
CNY,2012,0.0446883429133053,China
CNY,2013,0.05686977629402449,China
CNY,2014,0.060452586239332015,China
CNY,2015,0.08753726397114758,China
CNY,2016,0.13473295791352796,China
CNY,2017,0.12833737046147026,China
CNY,2018,0.25767337032478893,China
CNY,2019,0.14826820019091314,China
COP,2004,87.16665956752308,Colombia
COP,2005,34.99936351179352,Colombia
COP,2006,86.50097465606545,Colombia
COP,2007,93.2492217252789,Colombia
COP,2008,209.14473606838604,Colombia
COP,2009,203.2781948232084,Colombia
COP,2010,65.37317564502922,Colombia
COP,2011,61.332216366556914,Colombia
COP,2012,31.600701941273577,Colombia
COP,2013,128.80624271369345,Colombia
COP,2014,179.43849467916016,Colombia
COP,2015,481.44323833601845,Colombia
COP,2016,232.9056530129705,Colombia
COP,2017,57.0605088696138,Colombia
COP,2018,144.8627892008407,Colombia
COP,2019,126.25483242112001,Colombia
CZK,2004,1.1963878158744718,Czechia
CZK,2005,0.8303621721988281,Czechia
CZK,2006,0.8676583284609797,Czechia
CZK,2007,1.164919406632798,Czechia
CZK,2008,1.5575814480897296,Czechia
CZK,2009,1.5886947147099493,Czechia
CZK,2010,0.9824309300519083,Czechia
CZK,2011,0.8568132075944601,Czechia
CZK,2012,0.6813859583104284,Czechia
CZK,2013,0.45222646040327796,Czechia
CZK,2014,0.9101675717006893,Czechia
CZK,2015,0.5843407236434405,Czechia
CZK,2016,0.5577606344033368,Czechia
CZK,2017,1.5189637941978935,Czechia
CZK,2018,0.8345206916782286,Czechia
CZK,2019,0.3232695109775652,Czechia
DKK,2004,0.19980662064088475,Denmark
DKK,2004,0.19980662064088475,Faroe Islands (The)
DKK,2004,0.19980662064088475,Greenland
DKK,2005,0.24562089814747362,Denmark
DKK,2005,0.24562089814747362,Faroe Islands (The)
DKK,2005,0.24562089814747362,Greenland
DKK,2006,0.18296282689536153,Denmark
DKK,2006,0.18296282689536153,Faroe Islands (The)
DKK,2006,0.18296282689536153,Greenland
DKK,2007,0.2055522279852552,Denmark
DKK,2007,0.2055522279852552,Faroe Islands (The)
DKK,2007,0.2055522279852552,Greenland
DKK,2008,0.37654445383509116,Denmark
DKK,2008,0.37654445383509116,Faroe Islands (The)
DKK,2008,0.37654445383509116,Greenland
DKK,2009,0.28380551750604316,Denmark
DKK,2009,0.28380551750604316,Faroe Islands (The)
DKK,2009,0.28380551750604316,Greenland
DKK,2010,0.2579373517207053,Denmark
DKK,2010,0.2579373517207053,Faroe Islands (The)
DKK,2010,0.2579373517207053,Greenland
DKK,2011,0.17640032226127114,Denmark
DKK,2011,0.17640032226127114,Faroe Islands (The)
DKK,2011,0.17640032226127114,Greenland
DKK,2012,0.148691371317334,Denmark
DKK,2012,0.148691371317334,Faroe Islands (The)
DKK,2012,0.148691371317334,Greenland
DKK,2013,0.10930984356771675,Denmark
DKK,2013,0.10930984356771675,Faroe Islands (The)
DKK,2013,0.10930984356771675,Greenland
DKK,2014,0.22265635635809,Denmark
DKK,2014,0.22265635635809,Faroe Islands (The)
DKK,2014,0.22265635635809,Greenland
DKK,2015,0.18434670195978883,Denmark
DKK,2015,0.18434670195978883,Faroe Islands (The)
DKK,2015,0.18434670195978883,Greenland
DKK,2016,0.15406548582345078,Denmark
DKK,2016,0.15406548582345078,Faroe Islands (The)
DKK,2016,0.15406548582345078,Greenland
DKK,2017,0.3000606605394226,Denmark
DKK,2017,0.3000606605394226,Faroe Islands (The)
DKK,2017,0.3000606605394226,Greenland
DKK,2018,0.19878328069228582,Denmark
DKK,2018,0.19878328069228582,Faroe Islands (The)
DKK,2018,0.19878328069228582,Greenland
DKK,2019,0.08269946490079746,Denmark
DKK,2019,0.08269946490079746,Faroe Islands (The)
DKK,2019,0.08269946490079746,Greenland
EGP,2004,0.033904187558201813,Egypt
EGP,2005,0.05889038250150148,Egypt
EGP,2006,0.06005670842057717,Egypt
EGP,2007,0.07732124841547859,Egypt
EGP,2008,0.08350942974535847,Egypt
EGP,2009,0.06697217555269597,Egypt
EGP,2010,0.11786415817331374,Egypt
EGP,2011,0.06735671102236596,Egypt
EGP,2012,0.05229938463655958,Egypt
EGP,2013,0.1470471390893175,Egypt
EGP,2014,0.09034142017988143,Egypt
EGP,2015,0.18917540698364324,Egypt
EGP,2016,3.3218338523469004,Egypt
EGP,2017,0.5434784322784977,Egypt
EGP,2018,0.11246729208159968,Egypt
EGP,2019,0.5781684007818699,Egypt
EUR,2004,0.026680001255230002,Ã…Land Islands
EUR,2004,0.026680001255230002,Andorra
EUR,2004,0.026680001255230002,Austria
EUR,2004,0.026680001255230002,Belgium
EUR,2004,0.026680001255230002,Cyprus
EUR,2004,0.026680001255230002,Estonia
EUR,2004,0.026680001255230002,European Union
EUR,2004,0.026680001255230002,Finland
EUR,2004,0.026680001255230002,France
EUR,2004,0.026680001255230002,French Guiana
EUR,2004,0.026680001255230002,French Southern Territories (The)
EUR,2004,0.026680001255230002,Germany
EUR,2004,0.026680001255230002,Greece
EUR,2004,0.026680001255230002,Guadeloupe
EUR,2004,0.026680001255230002,Holy See (The)
EUR,2004,0.026680001255230002,Ireland
EUR,2004,0.026680001255230002,Italy
EUR,2004,0.026680001255230002,Latvia
EUR,2004,0.026680001255230002,Lithuania
EUR,2004,0.026680001255230002,Luxembourg
EUR,2004,0.026680001255230002,Malta
EUR,2004,0.026680001255230002,Martinique
EUR,2004,0.026680001255230002,Mayotte
EUR,2004,0.026680001255230002,Monaco
EUR,2004,0.026680001255230002,Montenegro
EUR,2004,0.026680001255230002,Netherlands (The)
EUR,2004,0.026680001255230002,Portugal
EUR,2004,0.026680001255230002,Rã‰Union
EUR,2004,0.026680001255230002,Saint Barthã‰Lemy
EUR,2004,0.026680001255230002,Saint Martin (French Part)
EUR,2004,0.026680001255230002,Saint Pierre And Miquelon
EUR,2004,0.026680001255230002,San Marino
EUR,2004,0.026680001255230002,Slovakia
EUR,2004,0.026680001255230002,Slovenia
EUR,2004,0.026680001255230002,Spain
EUR,2004,0.026680001255230002,Serbia And Montenegro
EUR,2005,0.03232658148858375,Ã…Land Islands
EUR,2005,0.03232658148858375,Andorra
EUR,2005,0.03232658148858375,Austria
EUR,2005,0.03232658148858375,Belgium
EUR,2005,0.03232658148858375,Cyprus
EUR,2005,0.03232658148858375,Estonia
EUR,2005,0.03232658148858375,European Union
EUR,2005,0.03232658148858375,Finland
EUR,2005,0.03232658148858375,France
EUR,2005,0.03232658148858375,French Guiana
EUR,2005,0.03232658148858375,French Southern Territories (The)
EUR,2005,0.03232658148858375,Germany
EUR,2005,0.03232658148858375,Greece
EUR,2005,0.03232658148858375,Guadeloupe
EUR,2005,0.03232658148858375,Holy See (The)
EUR,2005,0.03232658148858375,Ireland
EUR,2005,0.03232658148858375,Italy
EUR,2005,0.03232658148858375,Latvia
EUR,2005,0.03232658148858375,Lithuania
EUR,2005,0.03232658148858375,Luxembourg
EUR,2005,0.03232658148858375,Malta
EUR,2005,0.03232658148858375,Martinique
EUR,2005,0.03232658148858375,Mayotte
EUR,2005,0.03232658148858375,Monaco
EUR,2005,0.03232658148858375,Montenegro
EUR,2005,0.03232658148858375,Netherlands (The)
EUR,2005,0.03232658148858375,Portugal
EUR,2005,0.03232658148858375,Rã‰Union
EUR,2005,0.03232658148858375,Saint Barthã‰Lemy
EUR,2005,0.03232658148858375,Saint Martin (French Part)
EUR,2005,0.03232658148858375,Saint Pierre And Miquelon
EUR,2005,0.03232658148858375,San Marino
EUR,2005,0.03232658148858375,Slovakia
EUR,2005,0.03232658148858375,Slovenia
EUR,2005,0.03232658148858375,Spain
EUR,2005,0.03232658148858375,Serbia And Montenegro
EUR,2006,0.024366558892347363,Ã…Land Islands
EUR,2006,0.024366558892347363,Andorra
EUR,2006,0.024366558892347363,Austria
EUR,2006,0.024366558892347363,Belgium
EUR,2006,0.024366558892347363,Cyprus
EUR,2006,0.024366558892347363,Estonia
EUR,2006,0.024366558892347363,European Union
EUR,2006,0.024366558892347363,Finland
EUR,2006,0.024366558892347363,France
EUR,2006,0.024366558892347363,French Guiana
EUR,2006,0.024366558892347363,French Southern Territories (The)
EUR,2006,0.024366558892347363,Germany
EUR,2006,0.024366558892347363,Greece
EUR,2006,0.024366558892347363,Guadeloupe
EUR,2006,0.024366558892347363,Holy See (The)
EUR,2006,0.024366558892347363,Ireland
EUR,2006,0.024366558892347363,Italy
EUR,2006,0.024366558892347363,Latvia
EUR,2006,0.024366558892347363,Lithuania
EUR,2006,0.024366558892347363,Luxembourg
EUR,2006,0.024366558892347363,Malta
EUR,2006,0.024366558892347363,Martinique
EUR,2006,0.024366558892347363,Mayotte
EUR,2006,0.024366558892347363,Monaco
EUR,2006,0.024366558892347363,Montenegro
EUR,2006,0.024366558892347363,Netherlands (The)
EUR,2006,0.024366558892347363,Portugal
EUR,2006,0.024366558892347363,Rã‰Union
EUR,2006,0.024366558892347363,Saint Barthã‰Lemy
EUR,2006,0.024366558892347363,Saint Martin (French Part)
EUR,2006,0.024366558892347363,Saint Pierre And Miquelon
EUR,2006,0.024366558892347363,San Marino
EUR,2006,0.024366558892347363,Slovakia
EUR,2006,0.024366558892347363,Slovenia
EUR,2006,0.024366558892347363,Spain
EUR,2006,0.024366558892347363,Serbia And Montenegro
EUR,2007,0.027701325738149183,Ã…Land Islands
EUR,2007,0.027701325738149183,Andorra
EUR,2007,0.027701325738149183,Austria
EUR,2007,0.027701325738149183,Belgium
EUR,2007,0.027701325738149183,Cyprus
EUR,2007,0.027701325738149183,Estonia
EUR,2007,0.027701325738149183,European Union
EUR,2007,0.027701325738149183,Finland
EUR,2007,0.027701325738149183,France
EUR,2007,0.027701325738149183,French Guiana
EUR,2007,0.027701325738149183,French Southern Territories (The)
EUR,2007,0.027701325738149183,Germany
EUR,2007,0.027701325738149183,Greece
EUR,2007,0.027701325738149183,Guadeloupe
EUR,2007,0.027701325738149183,Holy See (The)
EUR,2007,0.027701325738149183,Ireland
EUR,2007,0.027701325738149183,Italy
EUR,2007,0.027701325738149183,Latvia
EUR,2007,0.027701325738149183,Lithuania
EUR,2007,0.027701325738149183,Luxembourg
EUR,2007,0.027701325738149183,Malta
EUR,2007,0.027701325738149183,Martinique
EUR,2007,0.027701325738149183,Mayotte
EUR,2007,0.027701325738149183,Monaco
EUR,2007,0.027701325738149183,Montenegro
EUR,2007,0.027701325738149183,Netherlands (The)
EUR,2007,0.027701325738149183,Portugal
EUR,2007,0.027701325738149183,Rã‰Union
EUR,2007,0.027701325738149183,Saint Barthã‰Lemy
EUR,2007,0.027701325738149183,Saint Martin (French Part)
EUR,2007,0.027701325738149183,Saint Pierre And Miquelon
EUR,2007,0.027701325738149183,San Marino
EUR,2007,0.027701325738149183,Slovakia
EUR,2007,0.027701325738149183,Slovenia
EUR,2007,0.027701325738149183,Spain
EUR,2007,0.027701325738149183,Serbia And Montenegro
EUR,2008,0.05065910858348632,Ã…Land Islands
EUR,2008,0.05065910858348632,Andorra
EUR,2008,0.05065910858348632,Austria
EUR,2008,0.05065910858348632,Belgium
EUR,2008,0.05065910858348632,Cyprus
EUR,2008,0.05065910858348632,Estonia
EUR,2008,0.05065910858348632,European Union
EUR,2008,0.05065910858348632,Finland
EUR,2008,0.05065910858348632,France
EUR,2008,0.05065910858348632,French Guiana
EUR,2008,0.05065910858348632,French Southern Territories (The)
EUR,2008,0.05065910858348632,Germany
EUR,2008,0.05065910858348632,Greece
EUR,2008,0.05065910858348632,Guadeloupe
EUR,2008,0.05065910858348632,Holy See (The)
EUR,2008,0.05065910858348632,Ireland
EUR,2008,0.05065910858348632,Italy
EUR,2008,0.05065910858348632,Latvia
EUR,2008,0.05065910858348632,Lithuania
EUR,2008,0.05065910858348632,Luxembourg
EUR,2008,0.05065910858348632,Malta
EUR,2008,0.05065910858348632,Martinique
EUR,2008,0.05065910858348632,Mayotte
EUR,2008,0.05065910858348632,Monaco
EUR,2008,0.05065910858348632,Montenegro
EUR,2008,0.05065910858348632,Netherlands (The)
EUR,2008,0.05065910858348632,Portugal
EUR,2008,0.05065910858348632,Rã‰Union
EUR,2008,0.05065910858348632,Saint Barthã‰Lemy
EUR,2008,0.05065910858348632,Saint Martin (French Part)
EUR,2008,0.05065910858348632,Saint Pierre And Miquelon
EUR,2008,0.05065910858348632,San Marino
EUR,2008,0.05065910858348632,Slovakia
EUR,2008,0.05065910858348632,Slovenia
EUR,2008,0.05065910858348632,Spain
EUR,2008,0.05065910858348632,Serbia And Montenegro
EUR,2009,0.03773482822605175,Ã…Land Islands
EUR,2009,0.03773482822605175,Andorra
EUR,2009,0.03773482822605175,Austria
EUR,2009,0.03773482822605175,Belgium
EUR,2009,0.03773482822605175,Cyprus
EUR,2009,0.03773482822605175,Estonia
EUR,2009,0.03773482822605175,European Union
EUR,2009,0.03773482822605175,Finland
EUR,2009,0.03773482822605175,France
EUR,2009,0.03773482822605175,French Guiana
EUR,2009,0.03773482822605175,French Southern Territories (The)
EUR,2009,0.03773482822605175,Germany
EUR,2009,0.03773482822605175,Greece
EUR,2009,0.03773482822605175,Guadeloupe
EUR,2009,0.03773482822605175,Holy See (The)
EUR,2009,0.03773482822605175,Ireland
EUR,2009,0.03773482822605175,Italy
EUR,2009,0.03773482822605175,Latvia
EUR,2009,0.03773482822605175,Lithuania
EUR,2009,0.03773482822605175,Luxembourg
EUR,2009,0.03773482822605175,Malta
EUR,2009,0.03773482822605175,Martinique
EUR,2009,0.03773482822605175,Mayotte
EUR,2009,0.03773482822605175,Monaco
EUR,2009,0.03773482822605175,Montenegro
EUR,2009,0.03773482822605175,Netherlands (The)
EUR,2009,0.03773482822605175,Portugal
EUR,2009,0.03773482822605175,Rã‰Union
EUR,2009,0.03773482822605175,Saint Barthã‰Lemy
EUR,2009,0.03773482822605175,Saint Martin (French Part)
EUR,2009,0.03773482822605175,Saint Pierre And Miquelon
EUR,2009,0.03773482822605175,San Marino
EUR,2009,0.03773482822605175,Slovakia
EUR,2009,0.03773482822605175,Slovenia
EUR,2009,0.03773482822605175,Spain
EUR,2009,0.03773482822605175,Serbia And Montenegro
EUR,2010,0.03475128554880279,Ã…Land Islands
EUR,2010,0.03475128554880279,Andorra
EUR,2010,0.03475128554880279,Austria
EUR,2010,0.03475128554880279,Belgium
EUR,2010,0.03475128554880279,Cyprus
EUR,2010,0.03475128554880279,Estonia
EUR,2010,0.03475128554880279,European Union
EUR,2010,0.03475128554880279,Finland
EUR,2010,0.03475128554880279,France
EUR,2010,0.03475128554880279,French Guiana
EUR,2010,0.03475128554880279,French Southern Territories (The)
EUR,2010,0.03475128554880279,Germany
EUR,2010,0.03475128554880279,Greece
EUR,2010,0.03475128554880279,Guadeloupe
EUR,2010,0.03475128554880279,Holy See (The)
EUR,2010,0.03475128554880279,Ireland
EUR,2010,0.03475128554880279,Italy
EUR,2010,0.03475128554880279,Latvia
EUR,2010,0.03475128554880279,Lithuania
EUR,2010,0.03475128554880279,Luxembourg
EUR,2010,0.03475128554880279,Malta
EUR,2010,0.03475128554880279,Martinique
EUR,2010,0.03475128554880279,Mayotte
EUR,2010,0.03475128554880279,Monaco
EUR,2010,0.03475128554880279,Montenegro
EUR,2010,0.03475128554880279,Netherlands (The)
EUR,2010,0.03475128554880279,Portugal
EUR,2010,0.03475128554880279,Rã‰Union
EUR,2010,0.03475128554880279,Saint Barthã‰Lemy
EUR,2010,0.03475128554880279,Saint Martin (French Part)
EUR,2010,0.03475128554880279,Saint Pierre And Miquelon
EUR,2010,0.03475128554880279,San Marino
EUR,2010,0.03475128554880279,Slovakia
EUR,2010,0.03475128554880279,Slovenia
EUR,2010,0.03475128554880279,Spain
EUR,2010,0.03475128554880279,Serbia And Montenegro
EUR,2011,0.024170388401137357,Ã…Land Islands
EUR,2011,0.024170388401137357,Andorra
EUR,2011,0.024170388401137357,Austria
EUR,2011,0.024170388401137357,Belgium
EUR,2011,0.024170388401137357,Cyprus
EUR,2011,0.024170388401137357,Estonia
EUR,2011,0.024170388401137357,European Union
EUR,2011,0.024170388401137357,Finland
EUR,2011,0.024170388401137357,France
EUR,2011,0.024170388401137357,French Guiana
EUR,2011,0.024170388401137357,French Southern Territories (The)
EUR,2011,0.024170388401137357,Germany
EUR,2011,0.024170388401137357,Greece
EUR,2011,0.024170388401137357,Guadeloupe
EUR,2011,0.024170388401137357,Holy See (The)
EUR,2011,0.024170388401137357,Ireland
EUR,2011,0.024170388401137357,Italy
EUR,2011,0.024170388401137357,Latvia
EUR,2011,0.024170388401137357,Lithuania
EUR,2011,0.024170388401137357,Luxembourg
EUR,2011,0.024170388401137357,Malta
EUR,2011,0.024170388401137357,Martinique
EUR,2011,0.024170388401137357,Mayotte
EUR,2011,0.024170388401137357,Monaco
EUR,2011,0.024170388401137357,Montenegro
EUR,2011,0.024170388401137357,Netherlands (The)
EUR,2011,0.024170388401137357,Portugal
EUR,2011,0.024170388401137357,Rã‰Union
EUR,2011,0.024170388401137357,Saint Barthã‰Lemy
EUR,2011,0.024170388401137357,Saint Martin (French Part)
EUR,2011,0.024170388401137357,Saint Pierre And Miquelon
EUR,2011,0.024170388401137357,San Marino
EUR,2011,0.024170388401137357,Slovakia
EUR,2011,0.024170388401137357,Slovenia
EUR,2011,0.024170388401137357,Spain
EUR,2011,0.024170388401137357,Serbia And Montenegro
EUR,2012,0.020065393237086466,Ã…Land Islands
EUR,2012,0.020065393237086466,Andorra
EUR,2012,0.020065393237086466,Austria
EUR,2012,0.020065393237086466,Belgium
EUR,2012,0.020065393237086466,Cyprus
EUR,2012,0.020065393237086466,Estonia
EUR,2012,0.020065393237086466,European Union
EUR,2012,0.020065393237086466,Finland
EUR,2012,0.020065393237086466,France
EUR,2012,0.020065393237086466,French Guiana
EUR,2012,0.020065393237086466,French Southern Territories (The)
EUR,2012,0.020065393237086466,Germany
EUR,2012,0.020065393237086466,Greece
EUR,2012,0.020065393237086466,Guadeloupe
EUR,2012,0.020065393237086466,Holy See (The)
EUR,2012,0.020065393237086466,Ireland
EUR,2012,0.020065393237086466,Italy
EUR,2012,0.020065393237086466,Latvia
EUR,2012,0.020065393237086466,Lithuania
EUR,2012,0.020065393237086466,Luxembourg
EUR,2012,0.020065393237086466,Malta
EUR,2012,0.020065393237086466,Martinique
EUR,2012,0.020065393237086466,Mayotte
EUR,2012,0.020065393237086466,Monaco
EUR,2012,0.020065393237086466,Montenegro
EUR,2012,0.020065393237086466,Netherlands (The)
EUR,2012,0.020065393237086466,Portugal
EUR,2012,0.020065393237086466,Rã‰Union
EUR,2012,0.020065393237086466,Saint Barthã‰Lemy
EUR,2012,0.020065393237086466,Saint Martin (French Part)
EUR,2012,0.020065393237086466,Saint Pierre And Miquelon
EUR,2012,0.020065393237086466,San Marino
EUR,2012,0.020065393237086466,Slovakia
EUR,2012,0.020065393237086466,Slovenia
EUR,2012,0.020065393237086466,Spain
EUR,2012,0.020065393237086466,Serbia And Montenegro
EUR,2013,0.014814727928107525,Ã…Land Islands
EUR,2013,0.014814727928107525,Andorra
EUR,2013,0.014814727928107525,Austria
EUR,2013,0.014814727928107525,Belgium
EUR,2013,0.014814727928107525,Cyprus
EUR,2013,0.014814727928107525,Estonia
EUR,2013,0.014814727928107525,European Union
EUR,2013,0.014814727928107525,Finland
EUR,2013,0.014814727928107525,France
EUR,2013,0.014814727928107525,French Guiana
EUR,2013,0.014814727928107525,French Southern Territories (The)
EUR,2013,0.014814727928107525,Germany
EUR,2013,0.014814727928107525,Greece
EUR,2013,0.014814727928107525,Guadeloupe
EUR,2013,0.014814727928107525,Holy See (The)
EUR,2013,0.014814727928107525,Ireland
EUR,2013,0.014814727928107525,Italy
EUR,2013,0.014814727928107525,Latvia
EUR,2013,0.014814727928107525,Lithuania
EUR,2013,0.014814727928107525,Luxembourg
EUR,2013,0.014814727928107525,Malta
EUR,2013,0.014814727928107525,Martinique
EUR,2013,0.014814727928107525,Mayotte
EUR,2013,0.014814727928107525,Monaco
EUR,2013,0.014814727928107525,Montenegro
EUR,2013,0.014814727928107525,Netherlands (The)
EUR,2013,0.014814727928107525,Portugal
EUR,2013,0.014814727928107525,Rã‰Union
EUR,2013,0.014814727928107525,Saint Barthã‰Lemy
EUR,2013,0.014814727928107525,Saint Martin (French Part)
EUR,2013,0.014814727928107525,Saint Pierre And Miquelon
EUR,2013,0.014814727928107525,San Marino
EUR,2013,0.014814727928107525,Slovakia
EUR,2013,0.014814727928107525,Slovenia
EUR,2013,0.014814727928107525,Spain
EUR,2013,0.014814727928107525,Serbia And Montenegro
EUR,2014,0.03078750066317783,Ã…Land Islands
EUR,2014,0.03078750066317783,Andorra
EUR,2014,0.03078750066317783,Austria
EUR,2014,0.03078750066317783,Belgium
EUR,2014,0.03078750066317783,Cyprus
EUR,2014,0.03078750066317783,Estonia
EUR,2014,0.03078750066317783,European Union
EUR,2014,0.03078750066317783,Finland
EUR,2014,0.03078750066317783,France
EUR,2014,0.03078750066317783,French Guiana
EUR,2014,0.03078750066317783,French Southern Territories (The)
EUR,2014,0.03078750066317783,Germany
EUR,2014,0.03078750066317783,Greece
EUR,2014,0.03078750066317783,Guadeloupe
EUR,2014,0.03078750066317783,Holy See (The)
EUR,2014,0.03078750066317783,Ireland
EUR,2014,0.03078750066317783,Italy
EUR,2014,0.03078750066317783,Latvia
EUR,2014,0.03078750066317783,Lithuania
EUR,2014,0.03078750066317783,Luxembourg
EUR,2014,0.03078750066317783,Malta
EUR,2014,0.03078750066317783,Martinique
EUR,2014,0.03078750066317783,Mayotte
EUR,2014,0.03078750066317783,Monaco
EUR,2014,0.03078750066317783,Montenegro
EUR,2014,0.03078750066317783,Netherlands (The)
EUR,2014,0.03078750066317783,Portugal
EUR,2014,0.03078750066317783,Rã‰Union
EUR,2014,0.03078750066317783,Saint Barthã‰Lemy
EUR,2014,0.03078750066317783,Saint Martin (French Part)
EUR,2014,0.03078750066317783,Saint Pierre And Miquelon
EUR,2014,0.03078750066317783,San Marino
EUR,2014,0.03078750066317783,Slovakia
EUR,2014,0.03078750066317783,Slovenia
EUR,2014,0.03078750066317783,Spain
EUR,2014,0.03078750066317783,Serbia And Montenegro
EUR,2015,0.024209956822527773,Ã…Land Islands
EUR,2015,0.024209956822527773,Andorra
EUR,2015,0.024209956822527773,Austria
EUR,2015,0.024209956822527773,Belgium
EUR,2015,0.024209956822527773,Cyprus
EUR,2015,0.024209956822527773,Estonia
EUR,2015,0.024209956822527773,European Union
EUR,2015,0.024209956822527773,Finland
EUR,2015,0.024209956822527773,France
EUR,2015,0.024209956822527773,French Guiana
EUR,2015,0.024209956822527773,French Southern Territories (The)
EUR,2015,0.024209956822527773,Germany
EUR,2015,0.024209956822527773,Greece
EUR,2015,0.024209956822527773,Guadeloupe
EUR,2015,0.024209956822527773,Holy See (The)
EUR,2015,0.024209956822527773,Ireland
EUR,2015,0.024209956822527773,Italy
EUR,2015,0.024209956822527773,Latvia
EUR,2015,0.024209956822527773,Lithuania
EUR,2015,0.024209956822527773,Luxembourg
EUR,2015,0.024209956822527773,Malta
EUR,2015,0.024209956822527773,Martinique
EUR,2015,0.024209956822527773,Mayotte
EUR,2015,0.024209956822527773,Monaco
EUR,2015,0.024209956822527773,Montenegro
EUR,2015,0.024209956822527773,Netherlands (The)
EUR,2015,0.024209956822527773,Portugal
EUR,2015,0.024209956822527773,Rã‰Union
EUR,2015,0.024209956822527773,Saint Barthã‰Lemy
EUR,2015,0.024209956822527773,Saint Martin (French Part)
EUR,2015,0.024209956822527773,Saint Pierre And Miquelon
EUR,2015,0.024209956822527773,San Marino
EUR,2015,0.024209956822527773,Slovakia
EUR,2015,0.024209956822527773,Slovenia
EUR,2015,0.024209956822527773,Spain
EUR,2015,0.024209956822527773,Serbia And Montenegro
EUR,2016,0.02067592584823465,Ã…Land Islands
EUR,2016,0.02067592584823465,Andorra
EUR,2016,0.02067592584823465,Austria
EUR,2016,0.02067592584823465,Belgium
EUR,2016,0.02067592584823465,Cyprus
EUR,2016,0.02067592584823465,Estonia
EUR,2016,0.02067592584823465,European Union
EUR,2016,0.02067592584823465,Finland
EUR,2016,0.02067592584823465,France
EUR,2016,0.02067592584823465,French Guiana
EUR,2016,0.02067592584823465,French Southern Territories (The)
EUR,2016,0.02067592584823465,Germany
EUR,2016,0.02067592584823465,Greece
EUR,2016,0.02067592584823465,Guadeloupe
EUR,2016,0.02067592584823465,Holy See (The)
EUR,2016,0.02067592584823465,Ireland
EUR,2016,0.02067592584823465,Italy
EUR,2016,0.02067592584823465,Latvia
EUR,2016,0.02067592584823465,Lithuania
EUR,2016,0.02067592584823465,Luxembourg
EUR,2016,0.02067592584823465,Malta
EUR,2016,0.02067592584823465,Martinique
EUR,2016,0.02067592584823465,Mayotte
EUR,2016,0.02067592584823465,Monaco
EUR,2016,0.02067592584823465,Montenegro
EUR,2016,0.02067592584823465,Netherlands (The)
EUR,2016,0.02067592584823465,Portugal
EUR,2016,0.02067592584823465,Rã‰Union
EUR,2016,0.02067592584823465,Saint Barthã‰Lemy
EUR,2016,0.02067592584823465,Saint Martin (French Part)
EUR,2016,0.02067592584823465,Saint Pierre And Miquelon
EUR,2016,0.02067592584823465,San Marino
EUR,2016,0.02067592584823465,Slovakia
EUR,2016,0.02067592584823465,Slovenia
EUR,2016,0.02067592584823465,Spain
EUR,2016,0.02067592584823465,Serbia And Montenegro
EUR,2017,0.04060042185995627,Ã…Land Islands
EUR,2017,0.04060042185995627,Andorra
EUR,2017,0.04060042185995627,Austria
EUR,2017,0.04060042185995627,Belgium
EUR,2017,0.04060042185995627,Cyprus
EUR,2017,0.04060042185995627,Estonia
EUR,2017,0.04060042185995627,European Union
EUR,2017,0.04060042185995627,Finland
EUR,2017,0.04060042185995627,France
EUR,2017,0.04060042185995627,French Guiana
EUR,2017,0.04060042185995627,French Southern Territories (The)
EUR,2017,0.04060042185995627,Germany
EUR,2017,0.04060042185995627,Greece
EUR,2017,0.04060042185995627,Guadeloupe
EUR,2017,0.04060042185995627,Holy See (The)
EUR,2017,0.04060042185995627,Ireland
EUR,2017,0.04060042185995627,Italy
EUR,2017,0.04060042185995627,Latvia
EUR,2017,0.04060042185995627,Lithuania
EUR,2017,0.04060042185995627,Luxembourg
EUR,2017,0.04060042185995627,Malta
EUR,2017,0.04060042185995627,Martinique
EUR,2017,0.04060042185995627,Mayotte
EUR,2017,0.04060042185995627,Monaco
EUR,2017,0.04060042185995627,Montenegro
EUR,2017,0.04060042185995627,Netherlands (The)
EUR,2017,0.04060042185995627,Portugal
EUR,2017,0.04060042185995627,Rã‰Union
EUR,2017,0.04060042185995627,Saint Barthã‰Lemy
EUR,2017,0.04060042185995627,Saint Martin (French Part)
EUR,2017,0.04060042185995627,Saint Pierre And Miquelon
EUR,2017,0.04060042185995627,San Marino
EUR,2017,0.04060042185995627,Slovakia
EUR,2017,0.04060042185995627,Slovenia
EUR,2017,0.04060042185995627,Spain
EUR,2017,0.04060042185995627,Serbia And Montenegro
EUR,2018,0.02607577069591222,Ã…Land Islands
EUR,2018,0.02607577069591222,Andorra
EUR,2018,0.02607577069591222,Austria
EUR,2018,0.02607577069591222,Belgium
EUR,2018,0.02607577069591222,Cyprus
EUR,2018,0.02607577069591222,Estonia
EUR,2018,0.02607577069591222,European Union
EUR,2018,0.02607577069591222,Finland
EUR,2018,0.02607577069591222,France
EUR,2018,0.02607577069591222,French Guiana
EUR,2018,0.02607577069591222,French Southern Territories (The)
EUR,2018,0.02607577069591222,Germany
EUR,2018,0.02607577069591222,Greece
EUR,2018,0.02607577069591222,Guadeloupe
EUR,2018,0.02607577069591222,Holy See (The)
EUR,2018,0.02607577069591222,Ireland
EUR,2018,0.02607577069591222,Italy
EUR,2018,0.02607577069591222,Latvia
EUR,2018,0.02607577069591222,Lithuania
EUR,2018,0.02607577069591222,Luxembourg
EUR,2018,0.02607577069591222,Malta
EUR,2018,0.02607577069591222,Martinique
EUR,2018,0.02607577069591222,Mayotte
EUR,2018,0.02607577069591222,Monaco
EUR,2018,0.02607577069591222,Montenegro
EUR,2018,0.02607577069591222,Netherlands (The)
EUR,2018,0.02607577069591222,Portugal
EUR,2018,0.02607577069591222,Rã‰Union
EUR,2018,0.02607577069591222,Saint Barthã‰Lemy
EUR,2018,0.02607577069591222,Saint Martin (French Part)
EUR,2018,0.02607577069591222,Saint Pierre And Miquelon
EUR,2018,0.02607577069591222,San Marino
EUR,2018,0.02607577069591222,Slovakia
EUR,2018,0.02607577069591222,Slovenia
EUR,2018,0.02607577069591222,Spain
EUR,2018,0.02607577069591222,Serbia And Montenegro
EUR,2019,0.010954272994352865,Ã…Land Islands
EUR,2019,0.010954272994352865,Andorra
EUR,2019,0.010954272994352865,Austria
EUR,2019,0.010954272994352865,Belgium
EUR,2019,0.010954272994352865,Cyprus
EUR,2019,0.010954272994352865,Estonia
EUR,2019,0.010954272994352865,European Union
EUR,2019,0.010954272994352865,Finland
EUR,2019,0.010954272994352865,France
EUR,2019,0.010954272994352865,French Guiana
EUR,2019,0.010954272994352865,French Southern Territories (The)
EUR,2019,0.010954272994352865,Germany
EUR,2019,0.010954272994352865,Greece
EUR,2019,0.010954272994352865,Guadeloupe
EUR,2019,0.010954272994352865,Holy See (The)
EUR,2019,0.010954272994352865,Ireland
EUR,2019,0.010954272994352865,Italy
EUR,2019,0.010954272994352865,Latvia
EUR,2019,0.010954272994352865,Lithuania
EUR,2019,0.010954272994352865,Luxembourg
EUR,2019,0.010954272994352865,Malta
EUR,2019,0.010954272994352865,Martinique
EUR,2019,0.010954272994352865,Mayotte
EUR,2019,0.010954272994352865,Monaco
EUR,2019,0.010954272994352865,Montenegro
EUR,2019,0.010954272994352865,Netherlands (The)
EUR,2019,0.010954272994352865,Portugal
EUR,2019,0.010954272994352865,Rã‰Union
EUR,2019,0.010954272994352865,Saint Barthã‰Lemy
EUR,2019,0.010954272994352865,Saint Martin (French Part)
EUR,2019,0.010954272994352865,Saint Pierre And Miquelon
EUR,2019,0.010954272994352865,San Marino
EUR,2019,0.010954272994352865,Slovakia
EUR,2019,0.010954272994352865,Slovenia
EUR,2019,0.010954272994352865,Spain
EUR,2019,0.010954272994352865,Serbia And Montenegro
GBP,2004,0.012248108640266807,Guernsey
GBP,2004,0.012248108640266807,Isle Of Man
GBP,2004,0.012248108640266807,Jersey
GBP,2004,0.012248108640266807,United Kingdom Of Great Britain And Northern Ireland (The)
GBP,2005,0.018918866590470294,Guernsey
GBP,2005,0.018918866590470294,Isle Of Man
GBP,2005,0.018918866590470294,Jersey
GBP,2005,0.018918866590470294,United Kingdom Of Great Britain And Northern Ireland (The)
GBP,2006,0.02057103023011353,Guernsey
GBP,2006,0.02057103023011353,Isle Of Man
GBP,2006,0.02057103023011353,Jersey
GBP,2006,0.02057103023011353,United Kingdom Of Great Britain And Northern Ireland (The)
GBP,2007,0.009754231776710413,Guernsey
GBP,2007,0.009754231776710413,Isle Of Man
GBP,2007,0.009754231776710413,Jersey
GBP,2007,0.009754231776710413,United Kingdom Of Great Britain And Northern Ireland (The)
GBP,2008,0.059467106810760985,Guernsey
GBP,2008,0.059467106810760985,Isle Of Man
GBP,2008,0.059467106810760985,Jersey
GBP,2008,0.059467106810760985,United Kingdom Of Great Britain And Northern Ireland (The)
GBP,2009,0.039548643616897146,Guernsey
GBP,2009,0.039548643616897146,Isle Of Man
GBP,2009,0.039548643616897146,Jersey
GBP,2009,0.039548643616897146,United Kingdom Of Great Britain And Northern Ireland (The)
GBP,2010,0.020143132145373884,Guernsey
GBP,2010,0.020143132145373884,Isle Of Man
GBP,2010,0.020143132145373884,Jersey
GBP,2010,0.020143132145373884,United Kingdom Of Great Britain And Northern Ireland (The)
GBP,2011,0.012175734722962553,Guernsey
GBP,2011,0.012175734722962553,Isle Of Man
GBP,2011,0.012175734722962553,Jersey
GBP,2011,0.012175734722962553,United Kingdom Of Great Britain And Northern Ireland (The)
GBP,2012,0.009657228402523612,Guernsey
GBP,2012,0.009657228402523612,Isle Of Man
GBP,2012,0.009657228402523612,Jersey
GBP,2012,0.009657228402523612,United Kingdom Of Great Britain And Northern Ireland (The)
GBP,2013,0.017444296718716123,Guernsey
GBP,2013,0.017444296718716123,Isle Of Man
GBP,2013,0.017444296718716123,Jersey
GBP,2013,0.017444296718716123,United Kingdom Of Great Britain And Northern Ireland (The)
GBP,2014,0.01647805163856225,Guernsey
GBP,2014,0.01647805163856225,Isle Of Man
GBP,2014,0.01647805163856225,Jersey
GBP,2014,0.01647805163856225,United Kingdom Of Great Britain And Northern Ireland (The)
GBP,2015,0.011538293820885401,Guernsey
GBP,2015,0.011538293820885401,Isle Of Man
GBP,2015,0.011538293820885401,Jersey
GBP,2015,0.011538293820885401,United Kingdom Of Great Britain And Northern Ireland (The)
GBP,2016,0.046945496360892666,Guernsey
GBP,2016,0.046945496360892666,Isle Of Man
GBP,2016,0.046945496360892666,Jersey
GBP,2016,0.046945496360892666,United Kingdom Of Great Britain And Northern Ireland (The)
GBP,2017,0.022740096598651647,Guernsey
GBP,2017,0.022740096598651647,Isle Of Man
GBP,2017,0.022740096598651647,Jersey
GBP,2017,0.022740096598651647,United Kingdom Of Great Britain And Northern Ireland (The)
GBP,2018,0.026944182705459688,Guernsey
GBP,2018,0.026944182705459688,Isle Of Man
GBP,2018,0.026944182705459688,Jersey
GBP,2018,0.026944182705459688,United Kingdom Of Great Britain And Northern Ireland (The)
GBP,2019,0.020767545166385997,Guernsey
GBP,2019,0.020767545166385997,Isle Of Man
GBP,2019,0.020767545166385997,Jersey
GBP,2019,0.020767545166385997,United Kingdom Of Great Britain And Northern Ireland (The)
HUF,2004,8.590083562345828,Hungary
HUF,2005,9.642452314668061,Hungary
HUF,2006,7.996855131547262,Hungary
HUF,2007,7.218835794661393,Hungary
HUF,2008,19.350306201431252,Hungary
HUF,2009,18.931063422626863,Hungary
HUF,2010,13.378838611878779,Hungary
HUF,2011,16.473578599463597,Hungary
HUF,2012,8.253442055089712,Hungary
HUF,2013,5.3658361303473185,Hungary
HUF,2014,10.64798984067934,Hungary
HUF,2015,6.978627732308952,Hungary
HUF,2016,6.953982291032877,Hungary
HUF,2017,13.06030124736597,Hungary
HUF,2018,12.887604553814045,Hungary
HUF,2019,8.550388557982368,Hungary
IDR,2004,330.51475562390067,Indonesia
IDR,2004,330.51475562390067,Timor-Leste
IDR,2005,341.875897809304,Indonesia
IDR,2005,341.875897809304,Timor-Leste
IDR,2006,172.89321440422938,Indonesia
IDR,2006,172.89321440422938,Timor-Leste
IDR,2007,166.33183176024,Indonesia
IDR,2007,166.33183176024,Timor-Leste
IDR,2008,865.1689828912978,Indonesia
IDR,2008,865.1689828912978,Timor-Leste
IDR,2009,842.2934698203225,Indonesia
IDR,2009,842.2934698203225,Timor-Leste
IDR,2010,530.0800473612595,Indonesia
IDR,2010,530.0800473612595,Timor-Leste
IDR,2011,208.9314926652986,Indonesia
IDR,2011,208.9314926652986,Timor-Leste
IDR,2012,566.5036030219501,Indonesia
IDR,2012,566.5036030219501,Timor-Leste
IDR,2013,828.8647323481183,Indonesia
IDR,2013,828.8647323481183,Timor-Leste
IDR,2014,320.313379009023,Indonesia
IDR,2014,320.313379009023,Timor-Leste
IDR,2015,526.5256813332549,Indonesia
IDR,2015,526.5256813332549,Timor-Leste
IDR,2016,248.48490042904407,Indonesia
IDR,2016,248.48490042904407,Timor-Leste
IDR,2017,100.3776689957803,Indonesia
IDR,2017,100.3776689957803,Timor-Leste
IDR,2018,551.447529690856,Indonesia
IDR,2018,551.447529690856,Timor-Leste
IDR,2019,139.48716103128527,Indonesia
IDR,2019,139.48716103128527,Timor-Leste
INR,2004,0.7867207004241319,Bhutan
INR,2004,0.7867207004241319,India
INR,2005,0.811513073436933,Bhutan
INR,2005,0.811513073436933,India
INR,2006,0.8221958557798642,Bhutan
INR,2006,0.8221958557798642,India
INR,2007,1.800062856061851,Bhutan
INR,2007,1.800062856061851,India
INR,2008,3.512750494232851,Bhutan
INR,2008,3.512750494232851,India
INR,2009,1.4155646564829905,Bhutan
INR,2009,1.4155646564829905,India
INR,2010,0.8902610420369276,Bhutan
INR,2010,0.8902610420369276,India
INR,2011,2.6516501180408754,Bhutan
INR,2011,2.6516501180408754,India
INR,2012,2.2527930760461,Bhutan
INR,2012,2.2527930760461,India
INR,2013,3.939705198601864,Bhutan
INR,2013,3.939705198601864,India
INR,2014,1.0916811642770796,Bhutan
INR,2014,1.0916811642770796,India
INR,2015,1.6232439891320327,Bhutan
INR,2015,1.6232439891320327,India
INR,2016,0.62497284814273,Bhutan
INR,2016,0.62497284814273,India
INR,2017,1.2546557255104898,Bhutan
INR,2017,1.2546557255104898,India
INR,2018,3.275856908977993,Bhutan
INR,2018,3.275856908977993,India
INR,2019,1.0127722597733697,Bhutan
INR,2019,1.0127722597733697,India
JPY,2004,2.701821415896066,Japan
JPY,2005,4.996411181042166,Japan
JPY,2006,2.0433771223412256,Japan
JPY,2007,3.705193717457347,Japan
JPY,2008,5.383375960517874,Japan
JPY,2009,3.573034545602361,Japan
JPY,2010,4.027881999479059,Japan
JPY,2011,2.482113003290845,Japan
JPY,2012,2.017092462028003,Japan
JPY,2013,3.9592758209797667,Japan
JPY,2014,5.758049031412706,Japan
JPY,2015,2.0131321145676084,Japan
JPY,2016,5.801770042143621,Japan
JPY,2017,1.8011315794960376,Japan
JPY,2018,2.3246535579588987,Japan
JPY,2019,1.6043531353555684,Japan
KRW,2004,40.42043465293921,Korea (The Republic Of)
KRW,2005,15.311023020735346,Korea (The Republic Of)
KRW,2006,18.11567901619965,Korea (The Republic Of)
KRW,2007,9.442827241506373,Korea (The Republic Of)
KRW,2008,165.75661221066036,Korea (The Republic Of)
KRW,2009,99.99571961339164,Korea (The Republic Of)
KRW,2010,35.169316928828195,Korea (The Republic Of)
KRW,2011,34.0289719300113,Korea (The Republic Of)
KRW,2012,27.431358921493302,Korea (The Republic Of)
KRW,2013,28.88131016231844,Korea (The Republic Of)
KRW,2014,29.304797822296926,Korea (The Republic Of)
KRW,2015,36.510025233387445,Korea (The Republic Of)
KRW,2016,35.49343763903837,Korea (The Republic Of)
KRW,2017,24.520085636992675,Korea (The Republic Of)
KRW,2018,27.000829346369688,Korea (The Republic Of)
KRW,2019,29.274028520563327,Korea (The Republic Of)
MXN,2004,0.20405198708549652,Mexico
MXN,2005,0.22157258752890224,Mexico
MXN,2006,0.24148635411445657,Mexico
MXN,2007,0.1219388510384321,Mexico
MXN,2008,1.1647012761179951,Mexico
MXN,2009,0.6066365641558562,Mexico
MXN,2010,0.2632560931404947,Mexico
MXN,2011,0.8152399616181462,Mexico
MXN,2012,0.3940548949922016,Mexico
MXN,2013,0.3253156785551882,Mexico
MXN,2014,0.4360020369480075,Mexico
MXN,2015,0.8166970560412266,Mexico
MXN,2016,0.9383604008032356,Mexico
MXN,2017,1.0590908989393042,Mexico
MXN,2018,0.6878329299562909,Mexico
MXN,2019,0.279901465698702,Mexico
MYR,2004,0.011240766535330139,Malaysia
MYR,2005,0.017339634541907924,Malaysia
MYR,2006,0.05841159281919709,Malaysia
MYR,2007,0.06239803257712555,Malaysia
MYR,2008,0.14939388545834942,Malaysia
MYR,2009,0.09294186450211434,Malaysia
MYR,2010,0.10601227617717325,Malaysia
MYR,2011,0.06849172292111003,Malaysia
MYR,2012,0.05186024685868774,Malaysia
MYR,2013,0.08875239169307376,Malaysia
MYR,2014,0.08142025662342042,Malaysia
MYR,2015,0.3007442152149627,Malaysia
MYR,2016,0.1657937039381976,Malaysia
MYR,2017,0.11510603555094502,Malaysia
MYR,2018,0.10880139302047015,Malaysia
MYR,2019,0.04046778384595614,Malaysia
NOK,2004,0.2736497550546998,Bouvet Island
NOK,2004,0.2736497550546998,Norway
NOK,2004,0.2736497550546998,Svalbard And Jan Mayen
NOK,2005,0.16434716206582695,Bouvet Island
NOK,2005,0.16434716206582695,Norway
NOK,2005,0.16434716206582695,Svalbard And Jan Mayen
NOK,2006,0.22024544965223594,Bouvet Island
NOK,2006,0.22024544965223594,Norway
NOK,2006,0.22024544965223594,Svalbard And Jan Mayen
NOK,2007,0.31051882742948383,Bouvet Island
NOK,2007,0.31051882742948383,Norway
NOK,2007,0.31051882742948383,Svalbard And Jan Mayen
NOK,2008,0.7166666266174686,Bouvet Island
NOK,2008,0.7166666266174686,Norway
NOK,2008,0.7166666266174686,Svalbard And Jan Mayen
NOK,2009,0.47182050966329675,Bouvet Island
NOK,2009,0.47182050966329675,Norway
NOK,2009,0.47182050966329675,Svalbard And Jan Mayen
NOK,2010,0.23201232169671743,Bouvet Island
NOK,2010,0.23201232169671743,Norway
NOK,2010,0.23201232169671743,Svalbard And Jan Mayen
NOK,2011,0.1881754930837729,Bouvet Island
NOK,2011,0.1881754930837729,Norway
NOK,2011,0.1881754930837729,Svalbard And Jan Mayen
NOK,2012,0.15138246050162898,Bouvet Island
NOK,2012,0.15138246050162898,Norway
NOK,2012,0.15138246050162898,Svalbard And Jan Mayen
NOK,2013,0.19308873877349914,Bouvet Island
NOK,2013,0.19308873877349914,Norway
NOK,2013,0.19308873877349914,Svalbard And Jan Mayen
NOK,2014,0.3874413062597291,Bouvet Island
NOK,2014,0.3874413062597291,Norway
NOK,2014,0.3874413062597291,Svalbard And Jan Mayen
NOK,2015,0.37884816192146975,Bouvet Island
NOK,2015,0.37884816192146975,Norway
NOK,2015,0.37884816192146975,Svalbard And Jan Mayen
NOK,2016,0.21565783125504587,Bouvet Island
NOK,2016,0.21565783125504587,Norway
NOK,2016,0.21565783125504587,Svalbard And Jan Mayen
NOK,2017,0.261540895610039,Bouvet Island
NOK,2017,0.261540895610039,Norway
NOK,2017,0.261540895610039,Svalbard And Jan Mayen
NOK,2018,0.2670141545319952,Bouvet Island
NOK,2018,0.2670141545319952,Norway
NOK,2018,0.2670141545319952,Svalbard And Jan Mayen
NOK,2019,0.24328642426036762,Bouvet Island
NOK,2019,0.24328642426036762,Norway
NOK,2019,0.24328642426036762,Svalbard And Jan Mayen
NZD,2004,0.068042249103994007,Cook Islands (The)
NZD,2004,0.068042249103994007,New Zealand
NZD,2004,0.068042249103994007,Niue
NZD,2004,0.068042249103994007,Pitcairn
NZD,2004,0.068042249103994007,Tokelau
NZD,2005,0.03305563386257221,Cook Islands (The)
NZD,2005,0.03305563386257221,New Zealand
NZD,2005,0.03305563386257221,Niue
NZD,2005,0.03305563386257221,Pitcairn
NZD,2005,0.03305563386257221,Tokelau
NZD,2006,0.06455077544448332,Cook Islands (The)
NZD,2006,0.06455077544448332,New Zealand
NZD,2006,0.06455077544448332,Niue
NZD,2006,0.06455077544448332,Pitcairn
NZD,2006,0.06455077544448332,Tokelau
NZD,2007,0.06027832829768664,Cook Islands (The)
NZD,2007,0.06027832829768664,New Zealand
NZD,2007,0.06027832829768664,Niue
NZD,2007,0.06027832829768664,Pitcairn
NZD,2007,0.06027832829768664,Tokelau
NZD,2008,0.1977940615880047,Cook Islands (The)
NZD,2008,0.1977940615880047,New Zealand
NZD,2008,0.1977940615880047,Niue
NZD,2008,0.1977940615880047,Pitcairn
NZD,2008,0.1977940615880047,Tokelau
NZD,2009,0.20314818455503048,Cook Islands (The)
NZD,2009,0.20314818455503048,New Zealand
NZD,2009,0.20314818455503048,Niue
NZD,2009,0.20314818455503048,Pitcairn
NZD,2009,0.20314818455503048,Tokelau
NZD,2010,0.0503952713310652,Cook Islands (The)
NZD,2010,0.0503952713310652,New Zealand
NZD,2010,0.0503952713310652,Niue
NZD,2010,0.0503952713310652,Pitcairn
NZD,2010,0.0503952713310652,Tokelau
NZD,2011,0.05384667009627781,Cook Islands (The)
NZD,2011,0.05384667009627781,New Zealand
NZD,2011,0.05384667009627781,Niue
NZD,2011,0.05384667009627781,Pitcairn
NZD,2011,0.05384667009627781,Tokelau
NZD,2012,0.03244585339598228,Cook Islands (The)
NZD,2012,0.03244585339598228,New Zealand
NZD,2012,0.03244585339598228,Niue
NZD,2012,0.03244585339598228,Pitcairn
NZD,2012,0.03244585339598228,Tokelau
NZD,2013,0.03310481003851878,Cook Islands (The)
NZD,2013,0.03310481003851878,New Zealand
NZD,2013,0.03310481003851878,Niue
NZD,2013,0.03310481003851878,Pitcairn
NZD,2013,0.03310481003851878,Tokelau
NZD,2014,0.04933781211298966,Cook Islands (The)
NZD,2014,0.04933781211298966,New Zealand
NZD,2014,0.04933781211298966,Niue
NZD,2014,0.04933781211298966,Pitcairn
NZD,2014,0.04933781211298966,Tokelau
NZD,2015,0.09485193091555115,Cook Islands (The)
NZD,2015,0.09485193091555115,New Zealand
NZD,2015,0.09485193091555115,Niue
NZD,2015,0.09485193091555115,Pitcairn
NZD,2015,0.09485193091555115,Tokelau
NZD,2016,0.0524956380684133,Cook Islands (The)
NZD,2016,0.0524956380684133,New Zealand
NZD,2016,0.0524956380684133,Niue
NZD,2016,0.0524956380684133,Pitcairn
NZD,2016,0.0524956380684133,Tokelau
NZD,2017,0.03373547047875468,Cook Islands (The)
NZD,2017,0.03373547047875468,New Zealand
NZD,2017,0.03373547047875468,Niue
NZD,2017,0.03373547047875468,Pitcairn
NZD,2017,0.03373547047875468,Tokelau
NZD,2018,0.05691032770761207,Cook Islands (The)
NZD,2018,0.05691032770761207,New Zealand
NZD,2018,0.05691032770761207,Niue
NZD,2018,0.05691032770761207,Pitcairn
NZD,2018,0.05691032770761207,Tokelau
NZD,2019,0.04229026771559958,Cook Islands (The)
NZD,2019,0.04229026771559958,New Zealand
NZD,2019,0.04229026771559958,Niue
NZD,2019,0.04229026771559958,Pitcairn
NZD,2019,0.04229026771559958,Tokelau
PEN,2004,0.05384290512830328,Peru
PEN,2004,0.05384290512830328,Peru
PEN,2005,0.07100493582591574,Peru
PEN,2005,0.07100493582591574,Peru
PEN,2006,0.11286520544344966,Peru
PEN,2006,0.11286520544344966,Peru
PEN,2007,0.06454608634610987,Peru
PEN,2007,0.06454608634610987,Peru
PEN,2008,0.114123864717486,Peru
PEN,2008,0.114123864717486,Peru
PEN,2009,0.12004621766296597,Peru
PEN,2009,0.12004621766296597,Peru
PEN,2010,0.13135918679295774,Peru
PEN,2010,0.13135918679295774,Peru
PEN,2011,0.04965408830995175,Peru
PEN,2011,0.04965408830995175,Peru
PEN,2012,0.05912427897720295,Peru
PEN,2012,0.05912427897720295,Peru
PEN,2013,0.10262502045534541,Peru
PEN,2013,0.10262502045534541,Peru
PEN,2014,0.061870976773225214,Peru
PEN,2014,0.061870976773225214,Peru
PEN,2015,0.09746287833228925,Peru
PEN,2015,0.09746287833228925,Peru
PEN,2016,0.06464156614502085,Peru
PEN,2016,0.06464156614502085,Peru
PEN,2017,0.044831753167482676,Peru
PEN,2017,0.044831753167482676,Peru
PEN,2018,0.06367279506522094,Peru
PEN,2018,0.06367279506522094,Peru
PEN,2019,0.03854007486671641,Peru
PEN,2019,0.03854007486671641,Peru
PHP,2004,0.2785580984513429,Philippines (The)
PHP,2005,0.8697823974703615,Philippines (The)
PHP,2006,1.1354190510513265,Philippines (The)
PHP,2007,2.153208173503158,Philippines (The)
PHP,2008,2.9674483301596193,Philippines (The)
PHP,2009,0.7209779014540615,Philippines (The)
PHP,2010,1.117780743538891,Philippines (The)
PHP,2011,0.5184407840845489,Philippines (The)
PHP,2012,0.8539801120653597,Philippines (The)
PHP,2013,1.3838169263674505,Philippines (The)
PHP,2014,0.5752066646507727,Philippines (The)
PHP,2015,1.097063626947399,Philippines (The)
PHP,2016,1.1393438381725876,Philippines (The)
PHP,2017,0.6196157850627114,Philippines (The)
PHP,2018,1.0040584355359135,Philippines (The)
PHP,2019,0.6531984088823433,Philippines (The)
PLN,2004,0.2637907118412223,Poland
PLN,2005,0.11873616567313658,Poland
PLN,2006,0.10303342842583117,Poland
PLN,2007,0.16603562154244003,Poland
PLN,2008,0.30406778276112006,Poland
PLN,2009,0.2863172656765936,Poland
PLN,2010,0.17551269372239806,Poland
PLN,2011,0.2234410467046566,Poland
PLN,2012,0.12564186732529384,Poland
PLN,2013,0.0768993006390815,Poland
PLN,2014,0.14429766870947597,Poland
PLN,2015,0.10820503840785994,Poland
PLN,2016,0.12561579483594587,Poland
PLN,2017,0.1987415735938033,Poland
PLN,2018,0.1558343610760778,Poland
PLN,2019,0.0644975405067715,Poland
RON,2004,0,Romania
RON,2004,0,Romania
RON,2005,0.07544520684100346,Romania
RON,2005,0.07544520684100346,Romania
RON,2006,0.11715749568769511,Romania
RON,2006,0.11715749568769511,Romania
RON,2007,0.09901742703715669,Romania
RON,2007,0.09901742703715669,Romania
RON,2008,0.23483640945763723,Romania
RON,2008,0.23483640945763723,Romania
RON,2009,0.16662296851544658,Romania
RON,2009,0.16662296851544658,Romania
RON,2010,0.1684729224973413,Romania
RON,2010,0.1684729224973413,Romania
RON,2011,0.14853334407182214,Romania
RON,2011,0.14853334407182214,Romania
RON,2012,0.13677085077124312,Romania
RON,2012,0.13677085077124312,Romania
RON,2013,0.059677098616823965,Romania
RON,2013,0.059677098616823965,Romania
RON,2014,0.13161741232651272,Romania
RON,2014,0.13161741232651272,Romania
RON,2015,0.10525636962901633,Romania
RON,2015,0.10525636962901633,Romania
RON,2016,0.10735938131052508,Romania
RON,2016,0.10735938131052508,Romania
RON,2017,0.1560357459188599,Romania
RON,2017,0.1560357459188599,Romania
RON,2018,0.12134976754416908,Romania
RON,2018,0.12134976754416908,Romania
RON,2019,0.06489023214653253,Romania
RON,2019,0.06489023214653253,Romania
RUB,2004,0.39015794948202615,Russian Federation (The)
RUB,2005,0.4144732901655193,Russian Federation (The)
RUB,2006,1.0418547751755107,Russian Federation (The)
RUB,2007,0.6362753609336773,Russian Federation (The)
RUB,2008,1.5612030114936482,Russian Federation (The)
RUB,2009,2.0656498333300988,Russian Federation (The)
RUB,2010,0.660512674886744,Russian Federation (The)
RUB,2011,1.4096583696842193,Russian Federation (The)
RUB,2012,1.1412373619210687,Russian Federation (The)
RUB,2013,1.0275092616327934,Russian Federation (The)
RUB,2014,6.508767496478501,Russian Federation (The)
RUB,2015,6.030936607916436,Russian Federation (The)
RUB,2016,6.481130478095091,Russian Federation (The)
RUB,2017,1.2183307071477278,Russian Federation (The)
RUB,2018,4.097754756315134,Russian Federation (The)
RUB,2019,1.3259887065328761,Russian Federation (The)
SEK,2004,0.29182704598426873,Sweden
SEK,2005,0.42584439051440015,Sweden
SEK,2006,0.29560043440255346,Sweden
SEK,2007,0.2397728731798875,Sweden
SEK,2008,0.7522206108654043,Sweden
SEK,2009,0.6193023867921649,Sweden
SEK,2010,0.3514331028487605,Sweden
SEK,2011,0.23059019107922665,Sweden
SEK,2012,0.17650797183048467,Sweden
SEK,2013,0.10217988851580755,Sweden
SEK,2014,0.3915813701657738,Sweden
SEK,2015,0.19905489631800005,Sweden
SEK,2016,0.33555310591808446,Sweden
SEK,2017,0.3572586955366231,Sweden
SEK,2018,0.38920232013818856,Sweden
SEK,2019,0.2359726094382115,Sweden
THB,2004,0.9413626128796256,Thailand
THB,2005,1.12903537601685,Thailand
THB,2006,1.1056843588309537,Thailand
THB,2007,1.458244113249923,Thailand
THB,2008,1.596972877929967,Thailand
THB,2009,0.8818872173191775,Thailand
THB,2010,1.1667566808717713,Thailand
THB,2011,0.4546004277642575,Thailand
THB,2012,0.4721561597762078,Thailand
THB,2013,1.0640820482139084,Thailand
THB,2014,0.3434115645910071,Thailand
THB,2015,1.406447852492314,Thailand
THB,2016,0.4436836684313374,Thailand
THB,2017,0.9016823588047077,Thailand
THB,2018,0.7070616716828829,Thailand
THB,2019,0.6353689416046344,Thailand
TRY,2004,0,Turkey
TRY,2004,0,Turkey
TRY,2005,0.024433626013206537,Turkey
TRY,2005,0.024433626013206537,Turkey
TRY,2006,0.09108311051499626,Turkey
TRY,2006,0.09108311051499626,Turkey
TRY,2007,0.08284714626685903,Turkey
TRY,2007,0.08284714626685903,Turkey
TRY,2008,0.14682909340803182,Turkey
TRY,2008,0.14682909340803182,Turkey
TRY,2009,0.07757675323129871,Turkey
TRY,2009,0.07757675323129871,Turkey
TRY,2010,0.04698350602281918,Turkey
TRY,2010,0.04698350602281918,Turkey
TRY,2011,0.12167058202740723,Turkey
TRY,2011,0.12167058202740723,Turkey
TRY,2012,0.027739679159469767,Turkey
TRY,2012,0.027739679159469767,Turkey
TRY,2013,0.1029007416680538,Turkey
TRY,2013,0.1029007416680538,Turkey
TRY,2014,0.06627484025419546,Turkey
TRY,2014,0.06627484025419546,Turkey
TRY,2015,0.20065086646443758,Turkey
TRY,2015,0.20065086646443758,Turkey
TRY,2016,0.18392869236989506,Turkey
TRY,2016,0.18392869236989506,Turkey
TRY,2017,0.13528268088257842,Turkey
TRY,2017,0.13528268088257842,Turkey
TRY,2018,0.8837967810616464,Turkey
TRY,2018,0.8837967810616464,Turkey
TRY,2019,0.22273690126088816,Turkey
TRY,2019,0.22273690126088816,Turkey
UAH,2004,0.03293641712143162,Ukraine
UAH,2005,0.08447541535661898,Ukraine
UAH,2006,0.10628401900298179,Ukraine
UAH,2007,0.058115232243238335,Ukraine
UAH,2008,0.9337210348254572,Ukraine
UAH,2009,0.3026759475678143,Ukraine
UAH,2010,0.06298000493188421,Ukraine
UAH,2011,0.03447207979750838,Ukraine
UAH,2012,0.058339214691511564,Ukraine
UAH,2013,0.05353299074536409,Ukraine
UAH,2014,2.0526117708703255,Ukraine
UAH,2015,2.59406132604626,Ukraine
UAH,2016,0.7589458234951671,Ukraine
UAH,2017,0.5837646990111224,Ukraine
UAH,2018,0.9003576545534746,Ukraine
UAH,2019,1.277723241218428,Ukraine
UYU,2004,1.220185837010808,Uruguay
UYU,2005,0.644833019132288,Uruguay
UYU,2006,0.5368307145496055,Uruguay
UYU,2007,0.745611223640315,Uruguay
UYU,2008,1.6027108340433764,Uruguay
UYU,2009,1.4726764297650654,Uruguay
UYU,2010,0.602597984232057,Uruguay
UYU,2011,0.5619015953821442,Uruguay
UYU,2012,0.855431920710948,Uruguay
UYU,2013,1.2004196778815053,Uruguay
UYU,2014,0.9237842388928781,Uruguay
UYU,2015,1.8494335308660077,Uruguay
UYU,2016,1.4119766677183827,Uruguay
UYU,2017,0.44073299503399893,Uruguay
UYU,2018,1.8135746136954891,Uruguay
UYU,2019,1.685743339853324,Uruguay
ZAR,2004,0.3661131954943981,Lesotho
ZAR,2004,0.3661131954943981,Namibia
ZAR,2004,0.3661131954943981,South Africa
ZAR,2005,0.2893571769421589,Lesotho
ZAR,2005,0.2893571769421589,Namibia
ZAR,2005,0.2893571769421589,South Africa
ZAR,2006,0.5612198059995068,Lesotho
ZAR,2006,0.5612198059995068,Namibia
ZAR,2006,0.5612198059995068,South Africa
ZAR,2007,0.21292423687819592,Lesotho
ZAR,2007,0.21292423687819592,Namibia
ZAR,2007,0.21292423687819592,South Africa
ZAR,2008,1.0607113918566005,Lesotho
ZAR,2008,1.0607113918566005,Namibia
ZAR,2008,1.0607113918566005,South Africa
ZAR,2009,0.9869250646827982,Lesotho
ZAR,2009,0.9869250646827982,Namibia
ZAR,2009,0.9869250646827982,South Africa
ZAR,2010,0.2980082713800746,Lesotho
ZAR,2010,0.2980082713800746,Namibia
ZAR,2010,0.2980082713800746,South Africa
ZAR,2011,0.5613869141667656,Lesotho
ZAR,2011,0.5613869141667656,Namibia
ZAR,2011,0.5613869141667656,South Africa
ZAR,2012,0.3902881984443844,Lesotho
ZAR,2012,0.3902881984443844,Namibia
ZAR,2012,0.3902881984443844,South Africa
ZAR,2013,0.5532886711368133,Lesotho
ZAR,2013,0.5532886711368133,Namibia
ZAR,2013,0.5532886711368133,South Africa
ZAR,2014,0.30907217507587165,Lesotho
ZAR,2014,0.30907217507587165,Namibia
ZAR,2014,0.30907217507587165,South Africa
ZAR,2015,1.0515905891654498,Lesotho
ZAR,2015,1.0515905891654498,Namibia
ZAR,2015,1.0515905891654498,South Africa
ZAR,2016,0.8833706531399805,Lesotho
ZAR,2016,0.8833706531399805,Namibia
ZAR,2016,0.8833706531399805,South Africa
ZAR,2017,0.4046159277852554,Lesotho
ZAR,2017,0.4046159277852554,Namibia
ZAR,2017,0.4046159277852554,South Africa
ZAR,2018,1.0869263482438132,Lesotho
ZAR,2018,1.0869263482438132,Namibia
ZAR,2018,1.0869263482438132,South Africa
ZAR,2019,0.4655461212781447,Lesotho
ZAR,2019,0.4655461212781447,Namibia
ZAR,2019,0.4655461212781447,South Africa
